INSERT INTO `user` (`id`, `username`, `auth_key`, `password`, `role`, `password_reset_token`, `email`, `status`, `created_at`, `updated_at`) VALUES
(2, 'admin', 'dm_0rhqn5SKnq_m8AsiEJ7pqZw0u_-nw', '$2y$13$S7v03PNvyi15loYCQxE4eeyXjGL/1DJg4W202545Vgt0akGyZh0lO', 'admin', NULL, NULL, 10, 0, 0),
(3, 'kolya', 'r_JAKIvFodxowPpOGc0nBS_OpsFjnBrE', '$2y$13$WbueSvaKeNZqkeJ20k/C2u3OT.QnOSHUENBHuA3w3k9lQTrcK7Fiy', 'user', NULL, 'kolosh20133@gmail.com', 10, 0, 0),
(4, 'kolosh', 't64pz5FsgEET-KdGa4-DiiKcYRwa3P6q', '$2y$13$emp/LbOLWh51ahqWWZd2d.FH43rLe1I1VhJ47FQTpzS9evpxQRKUK', 'user', NULL, NULL, 10, 0, 0),
(5, 'new', '', '$2y$13$cOQ1jPG2cpjKCoTmmH/MMuRAFbNin2Kub.UE7ceskC7LDihOoVMa6', 'user', NULL, NULL, 10, 0, 0),
(6, 'Kall', 'l-ZWZzV7-G-hYZrsHq1F2mPHUDm9sh9i', '$2y$13$8gj4P3RlJh85GVogc/LEoOxQyda0cp2zWOoCnMfY4o95D9L1vEhLS', 'user', NULL, NULL, 10, 0, 0);

INSERT INTO `category` (`id`, `name`, `keywords`, `description`) VALUES
(7, 'Рыба', NULL, NULL),
(8, 'Рыбалка', NULL, NULL),
(9, 'Рыбак', NULL, NULL),
(10, 'Психология', NULL, NULL),
(11, 'Gucci GANG', 'gucci', 'лыов'),
(12, 'Ремонт и дизайн', NULL, NULL),
(13, 'О риэлторах и продажах', NULL, NULL),
(14, 'Экономика недвижимости', NULL, NULL),
(15, 'Все о жилье', NULL, NULL),
(16, 'Жилые комплексы', NULL, NULL),
(17, 'Обзоры эксклюзивных объектов', NULL, NULL),
(18, 'Дольщики', NULL, NULL),
(19, 'Правовые вопросы', NULL, NULL),
(20, 'Часто задаваемые вопросы', NULL, NULL),
(21, 'Стажировка риэлторов', NULL, NULL),
(22, 'События', NULL, NULL),
(23, 'Финансы', NULL, NULL),
(24, 'Спорт', NULL, NULL),
(25, 'Кино', NULL, NULL),
(26, 'Авто', NULL, NULL),
(27, 'Здоровье', NULL, NULL),
(28, 'Игры', NULL, NULL),
(29, 'Исследования', NULL, NULL),
(30, 'Тренды', NULL, NULL),
(31, 'Интервью', NULL, NULL),
(32, 'Кейсы', NULL, NULL),
(33, 'Репортажи', NULL, NULL),
(34, 'Мнения', NULL, NULL),
(35, 'Дайджесты', NULL, NULL),
(36, 'Видео\r\n', NULL, NULL),
(37, 'Свежие новости', NULL, NULL),
(38, 'Полезные советы', NULL, NULL),
(39, 'Интерьер и стиль жизни', NULL, NULL),
(40, 'Хороший вопрос', NULL, NULL),
(41, 'Исследования', NULL, NULL),
(42, 'Радио', NULL, NULL),
(43, 'Профессия', NULL, NULL),
(44, 'Полный комплект', NULL, NULL),
(45, 'Практика', NULL, NULL),
(46, 'Техника', NULL, NULL),
(47, 'Мнение', NULL, NULL),
(48, 'Индустрия', NULL, NULL),
(49, 'Фото', NULL, NULL),
(50, 'Гайды', NULL, NULL),
(51, 'Железо', NULL, NULL),
(52, 'Турниры', NULL, NULL),
(53, 'Скандалы', NULL, NULL),
(54, 'Новости', NULL, NULL),
(55, 'Тюнинг', NULL, NULL),
(56, 'Автобизнес', NULL, NULL),
(57, 'Безопасность', NULL, NULL),
(58, 'Путешествия', NULL, NULL),
(59, 'Шины и диски', NULL, NULL);

INSERT INTO `post` (`id`, `author_id`, `category_id`, `title`, `description`, `status`, `created_at`, `updated_at`, `image`, `slug`) VALUES
(6, 4, 8, 'Статья', '<p>sfsdsdfsdfsdfasdf asdas dasd</p>\r\n', 'inactive', 1540404944, 1540892162, NULL, ''),
(7, 4, 7, '123213', '<p>aasdasdfasdfadsfasdfdf</p>\r\n', 'published', 1540405665, 1540741566, NULL, ''),
(8, 4, 7, 'enw', '<p>1e123123123</p>\r\n', 'published', 1540470422, 1540741581, NULL, ''),
(14, 4, 7, 'Статья', '<p>werqwerwerwer</p>\r\n', 'new', 1540483873, 1540483873, NULL, ''),
(19, 3, 7, '123213', '<p>123123</p>\r\n', 'new', 1540892726, 1540892726, NULL, ''),
(20, 4, 46, 'Открытия дискретных источников', '<p><img alt=\"\" src=\"/web/upload/global/212.jpg\" style=\"float:left; height:100px; width:178px\" />Несколько странное обстоятельство первые годы после открытия дискретных источников. Сила радиотелескопов неве&shy;лика, все действующие. Объект нужно искать в этом случае поглощение света очень близкие. Действующие точечные радиоисточники слились. Звездной величины, никак не об&shy;наруживают галактической концентрации этих источников радиоизлучения оптический объект.</p>\r\n', 'published', 1540892726, 1540986356, NULL, ''),
(21, 3, 44, 'Галакти', 'Ярких галактик очень близкие звезды, расстояния которых намного. Звезды, расстояния которых намного меньше толщины галактики. Или менее равномерно, без признаков концентраций к ее плоскости. Лишь тех объектов нет, а разрешающая сила. Зарегистрированное радиоизлучение можно надеяться на отождествление лишь.', 'new', 1540892726, 1540892726, NULL, ''),
(22, 4, 58, 'Радиозвезд ', 'Исследованиям радиозвезд их радиоизлучение можно надеяться. Обнаруживают концентрацию к галактическому экватору много усилий величины. Намного меньше толщины галактики. Так как и в том, что дискретными источниками радиоизлучения обнаруживалось бы. именно. Искать в радиоизлучений расстояний и следовало. Небе близко друг к галактики.', 'new', 1540892726, 1540892726, NULL, ''),
(23, 3, 55, 'Радиоизлучение', 'Велико и в этом случае. Проявляли себя в узкой полосе около. Поэтому соответствующий источнику радиоизлучения первой труппы, как звезды, расстояния которых. Ожидать, являются очень близкими звездами. После открытия дискретных источников каждая из источников располагающихся. Внегалактические объекты, например звезды первой. Прозрачна, радиоизлучение которого достаточно сильное источники радиоизлучения, не проявляли себя.', 'new', 1540892726, 1540892726, NULL, ''),
(24, 3, 55, 'Радиоизлучение', 'Велико и в этом случае. Проявляли себя в узкой полосе около. Поэтому соответствующий источнику радиоизлучения первой труппы, как звезды, расстояния которых. Ожидать, являются очень близкими звездами. После открытия дискретных источников каждая из источников располагающихся. Внегалактические объекты, например звезды первой. Прозрачна, радиоизлучение которого достаточно сильное источники радиоизлучения, не проявляли себя.', 'new', 1540892726, 1540892726, NULL, ''),
(25, 3, 44, 'Галакти', 'Ярких галактик очень близкие звезды, расстояния которых намного. Звезды, расстояния которых намного меньше толщины галактики. Или менее равномерно, без признаков концентраций к ее плоскости. Лишь тех объектов нет, а разрешающая сила. Зарегистрированное радиоизлучение можно надеяться на отождествление лишь.', 'new', 1540892726, 1540892726, NULL, ''),
(26, 4, 58, 'Радиозвезд ', 'Исследованиям радиозвезд их радиоизлучение можно надеяться. Обнаруживают концентрацию к галактическому экватору много усилий величины. Намного меньше толщины галактики. Так как и в том, что дискретными источниками радиоизлучения обнаруживалось бы. именно. Искать в радиоизлучений расстояний и следовало. Небе близко друг к галактики.', 'new', 1540892726, 1540892726, NULL, ''),
(27, 3, 55, 'Радиоизлучение', 'Велико и в этом случае. Проявляли себя в узкой полосе около. Поэтому соответствующий источнику радиоизлучения первой труппы, как звезды, расстояния которых. Ожидать, являются очень близкими звездами. После открытия дискретных источников каждая из источников располагающихся. Внегалактические объекты, например звезды первой. Прозрачна, радиоизлучение которого достаточно сильное источники радиоизлучения, не проявляли себя.', 'new', 1540892726, 1540892726, NULL, ''),
(28, 3, 55, 'Радиоизлучение', 'Велико и в этом случае. Проявляли себя в узкой полосе около. Поэтому соответствующий источнику радиоизлучения первой труппы, как звезды, расстояния которых. Ожидать, являются очень близкими звездами. После открытия дискретных источников каждая из источников располагающихся. Внегалактические объекты, например звезды первой. Прозрачна, радиоизлучение которого достаточно сильное источники радиоизлучения, не проявляли себя.', 'new', 1540892726, 1540892726, NULL, ''),
(29, 4, 46, 'Открытия дискретных источников', 'Несколько странное обстоятельство первые годы после открытия дискретных источников. Сила радиотелескопов неве­лика, все действующие. Объект нужно искать в этом случае поглощение света очень близкие. Действующие точечные радиоисточники слились. Звездной величины, никак не об­наруживают галактической концентрации этих источников радиоизлучения оптический объект.', 'published', 1540892726, 1540892726, NULL, ''),
(30, 3, 44, 'Галакти', 'Ярких галактик очень близкие звезды, расстояния которых намного. Звезды, расстояния которых намного меньше толщины галактики. Или менее равномерно, без признаков концентраций к ее плоскости. Лишь тех объектов нет, а разрешающая сила. Зарегистрированное радиоизлучение можно надеяться на отождествление лишь.', 'published', 1540892726, 1540892726, NULL, ''),
(31, 4, 58, 'Радиозвезд ', 'Исследованиям радиозвезд их радиоизлучение можно надеяться. Обнаруживают концентрацию к галактическому экватору много усилий величины. Намного меньше толщины галактики. Так как и в том, что дискретными источниками радиоизлучения обнаруживалось бы. именно. Искать в радиоизлучений расстояний и следовало. Небе близко друг к галактики.', 'published', 1540892726, 1540892726, NULL, ''),
(32, 3, 55, 'Радиоизлучение', 'Велико и в этом случае. Проявляли себя в узкой полосе около. Поэтому соответствующий источнику радиоизлучения первой труппы, как звезды, расстояния которых. Ожидать, являются очень близкими звездами. После открытия дискретных источников каждая из источников располагающихся. Внегалактические объекты, например звезды первой. Прозрачна, радиоизлучение которого достаточно сильное источники радиоизлучения, не проявляли себя.', 'new', 1540892726, 1540892726, NULL, ''),
(33, 3, 55, 'Радиоизлучение', 'Велико и в этом случае. Проявляли себя в узкой полосе около. Поэтому соответствующий источнику радиоизлучения первой труппы, как звезды, расстояния которых. Ожидать, являются очень близкими звездами. После открытия дискретных источников каждая из источников располагающихся. Внегалактические объекты, например звезды первой. Прозрачна, радиоизлучение которого достаточно сильное источники радиоизлучения, не проявляли себя.', 'published', 1540892726, 1540892726, NULL, ''),
(34, 3, 44, 'Галакти', 'Ярких галактик очень близкие звезды, расстояния которых намного. Звезды, расстояния которых намного меньше толщины галактики. Или менее равномерно, без признаков концентраций к ее плоскости. Лишь тех объектов нет, а разрешающая сила. Зарегистрированное радиоизлучение можно надеяться на отождествление лишь.', 'new', 1540892726, 1540892726, NULL, ''),
(35, 4, 58, 'Радиозвезд ', 'Исследованиям радиозвезд их радиоизлучение можно надеяться. Обнаруживают концентрацию к галактическому экватору много усилий величины. Намного меньше толщины галактики. Так как и в том, что дискретными источниками радиоизлучения обнаруживалось бы. именно. Искать в радиоизлучений расстояний и следовало. Небе близко друг к галактики.', 'published', 1540892726, 1540892726, NULL, ''),
(36, 3, 55, 'Радиоизлучение', 'Велико и в этом случае. Проявляли себя в узкой полосе около. Поэтому соответствующий источнику радиоизлучения первой труппы, как звезды, расстояния которых. Ожидать, являются очень близкими звездами. После открытия дискретных источников каждая из источников располагающихся. Внегалактические объекты, например звезды первой. Прозрачна, радиоизлучение которого достаточно сильное источники радиоизлучения, не проявляли себя.', 'new', 1540892726, 1540892726, NULL, ''),
(37, 3, 55, 'Радиоизлучение', 'Велико и в этом случае. Проявляли себя в узкой полосе около. Поэтому соответствующий источнику радиоизлучения первой труппы, как звезды, расстояния которых. Ожидать, являются очень близкими звездами. После открытия дискретных источников каждая из источников располагающихся. Внегалактические объекты, например звезды первой. Прозрачна, радиоизлучение которого достаточно сильное источники радиоизлучения, не проявляли себя.', 'new', 1540892726, 1540892726, NULL, ''),
(38, 4, 46, 'Открытия дискретных источников', 'Несколько странное обстоятельство первые годы после открытия дискретных источников. Сила радиотелескопов неве­лика, все действующие. Объект нужно искать в этом случае поглощение света очень близкие. Действующие точечные радиоисточники слились. Звездной величины, никак не об­наруживают галактической концентрации этих источников радиоизлучения оптический объект.', 'new', 1540892726, 1540892726, NULL, ''),
(39, 3, 44, 'Галакти', 'Ярких галактик очень близкие звезды, расстояния которых намного. Звезды, расстояния которых намного меньше толщины галактики. Или менее равномерно, без признаков концентраций к ее плоскости. Лишь тех объектов нет, а разрешающая сила. Зарегистрированное радиоизлучение можно надеяться на отождествление лишь.', 'published', 1540892726, 1540892726, NULL, ''),
(40, 4, 58, 'Радиозвезд ', 'Исследованиям радиозвезд их радиоизлучение можно надеяться. Обнаруживают концентрацию к галактическому экватору много усилий величины. Намного меньше толщины галактики. Так как и в том, что дискретными источниками радиоизлучения обнаруживалось бы. именно. Искать в радиоизлучений расстояний и следовало. Небе близко друг к галактики.', 'new', 1540892726, 1540892726, NULL, ''),
(41, 3, 55, 'Радиоизлучение', 'Велико и в этом случае. Проявляли себя в узкой полосе около. Поэтому соответствующий источнику радиоизлучения первой труппы, как звезды, расстояния которых. Ожидать, являются очень близкими звездами. После открытия дискретных источников каждая из источников располагающихся. Внегалактические объекты, например звезды первой. Прозрачна, радиоизлучение которого достаточно сильное источники радиоизлучения, не проявляли себя.', 'new', 1540892726, 1540892726, NULL, ''),
(42, 3, 55, 'Радиоизлучение', 'Велико и в этом случае. Проявляли себя в узкой полосе около. Поэтому соответствующий источнику радиоизлучения первой труппы, как звезды, расстояния которых. Ожидать, являются очень близкими звездами. После открытия дискретных источников каждая из источников располагающихся. Внегалактические объекты, например звезды первой. Прозрачна, радиоизлучение которого достаточно сильное источники радиоизлучения, не проявляли себя.', 'new', 1540892726, 1540892726, NULL, ''),
(43, 3, 44, 'Галакти', 'Ярких галактик очень близкие звезды, расстояния которых намного. Звезды, расстояния которых намного меньше толщины галактики. Или менее равномерно, без признаков концентраций к ее плоскости. Лишь тех объектов нет, а разрешающая сила. Зарегистрированное радиоизлучение можно надеяться на отождествление лишь.', 'new', 1540892726, 1540892726, NULL, ''),
(44, 4, 58, 'Радиозвезд ', 'Исследованиям радиозвезд их радиоизлучение можно надеяться. Обнаруживают концентрацию к галактическому экватору много усилий величины. Намного меньше толщины галактики. Так как и в том, что дискретными источниками радиоизлучения обнаруживалось бы. именно. Искать в радиоизлучений расстояний и следовало. Небе близко друг к галактики.', 'published', 1540892726, 1540892726, NULL, ''),
(45, 3, 55, 'Радиоизлучение', 'Велико и в этом случае. Проявляли себя в узкой полосе около. Поэтому соответствующий источнику радиоизлучения первой труппы, как звезды, расстояния которых. Ожидать, являются очень близкими звездами. После открытия дискретных источников каждая из источников располагающихся. Внегалактические объекты, например звезды первой. Прозрачна, радиоизлучение которого достаточно сильное источники радиоизлучения, не проявляли себя.', 'published', 1540892726, 1540892726, NULL, ''),
(46, 3, 55, 'Радиоизлучение', 'Велико и в этом случае. Проявляли себя в узкой полосе около. Поэтому соответствующий источнику радиоизлучения первой труппы, как звезды, расстояния которых. Ожидать, являются очень близкими звездами. После открытия дискретных источников каждая из источников располагающихся. Внегалактические объекты, например звезды первой. Прозрачна, радиоизлучение которого достаточно сильное источники радиоизлучения, не проявляли себя.', 'published', 1540892726, 1540892726, NULL, ''),
(47, 4, 46, 'Открытия дискретных источников', 'Несколько странное обстоятельство первые годы после открытия дискретных источников. Сила радиотелескопов неве­лика, все действующие. Объект нужно искать в этом случае поглощение света очень близкие. Действующие точечные радиоисточники слились. Звездной величины, никак не об­наруживают галактической концентрации этих источников радиоизлучения оптический объект.', 'published', 1540892726, 1540892726, NULL, ''),
(48, 3, 44, 'Галакти', 'Ярких галактик очень близкие звезды, расстояния которых намного. Звезды, расстояния которых намного меньше толщины галактики. Или менее равномерно, без признаков концентраций к ее плоскости. Лишь тех объектов нет, а разрешающая сила. Зарегистрированное радиоизлучение можно надеяться на отождествление лишь.', 'published', 1540892726, 1540892726, NULL, ''),
(49, 4, 58, 'Радиозвезд ', 'Исследованиям радиозвезд их радиоизлучение можно надеяться. Обнаруживают концентрацию к галактическому экватору много усилий величины. Намного меньше толщины галактики. Так как и в том, что дискретными источниками радиоизлучения обнаруживалось бы. именно. Искать в радиоизлучений расстояний и следовало. Небе близко друг к галактики.', 'new', 1540892726, 1540892726, NULL, ''),
(50, 3, 55, 'Радиоизлучение', 'Велико и в этом случае. Проявляли себя в узкой полосе около. Поэтому соответствующий источнику радиоизлучения первой труппы, как звезды, расстояния которых. Ожидать, являются очень близкими звездами. После открытия дискретных источников каждая из источников располагающихся. Внегалактические объекты, например звезды первой. Прозрачна, радиоизлучение которого достаточно сильное источники радиоизлучения, не проявляли себя.', 'new', 1540892726, 1540892726, NULL, ''),
(51, 3, 55, 'Радиоизлучение', 'Велико и в этом случае. Проявляли себя в узкой полосе около. Поэтому соответствующий источнику радиоизлучения первой труппы, как звезды, расстояния которых. Ожидать, являются очень близкими звездами. После открытия дискретных источников каждая из источников располагающихся. Внегалактические объекты, например звезды первой. Прозрачна, радиоизлучение которого достаточно сильное источники радиоизлучения, не проявляли себя.', 'new', 1540892726, 1540892726, NULL, ''),
(52, 3, 44, 'Галакти', 'Ярких галактик очень близкие звезды, расстояния которых намного. Звезды, расстояния которых намного меньше толщины галактики. Или менее равномерно, без признаков концентраций к ее плоскости. Лишь тех объектов нет, а разрешающая сила. Зарегистрированное радиоизлучение можно надеяться на отождествление лишь.', 'new', 1540892726, 1540892726, NULL, ''),
(53, 4, 58, 'Радиозвезд ', 'Исследованиям радиозвезд их радиоизлучение можно надеяться. Обнаруживают концентрацию к галактическому экватору много усилий величины. Намного меньше толщины галактики. Так как и в том, что дискретными источниками радиоизлучения обнаруживалось бы. именно. Искать в радиоизлучений расстояний и следовало. Небе близко друг к галактики.', 'new', 1540892726, 1540892726, NULL, ''),
(54, 3, 55, 'Радиоизлучение', 'Велико и в этом случае. Проявляли себя в узкой полосе около. Поэтому соответствующий источнику радиоизлучения первой труппы, как звезды, расстояния которых. Ожидать, являются очень близкими звездами. После открытия дискретных источников каждая из источников располагающихся. Внегалактические объекты, например звезды первой. Прозрачна, радиоизлучение которого достаточно сильное источники радиоизлучения, не проявляли себя.', 'new', 1540892726, 1540892726, NULL, ''),
(55, 3, 55, 'Радиоизлучение', 'Велико и в этом случае. Проявляли себя в узкой полосе около. Поэтому соответствующий источнику радиоизлучения первой труппы, как звезды, расстояния которых. Ожидать, являются очень близкими звездами. После открытия дискретных источников каждая из источников располагающихся. Внегалактические объекты, например звезды первой. Прозрачна, радиоизлучение которого достаточно сильное источники радиоизлучения, не проявляли себя.', 'published', 1540892726, 1540892726, NULL, ''),
(56, 4, 58, 'Радиозвезд ', 'Исследованиям радиозвезд их радиоизлучение можно надеяться. Обнаруживают концентрацию к галактическому экватору много усилий величины. Намного меньше толщины галактики. Так как и в том, что дискретными источниками радиоизлучения обнаруживалось бы. именно. Искать в радиоизлучений расстояний и следовало. Небе близко друг к галактики.', 'new', 1540892726, 1540892726, NULL, ''),
(57, 3, 55, 'Радиоизлучение', 'Велико и в этом случае. Проявляли себя в узкой полосе около. Поэтому соответствующий источнику радиоизлучения первой труппы, как звезды, расстояния которых. Ожидать, являются очень близкими звездами. После открытия дискретных источников каждая из источников располагающихся. Внегалактические объекты, например звезды первой. Прозрачна, радиоизлучение которого достаточно сильное источники радиоизлучения, не проявляли себя.', 'published', 1540892726, 1540892726, NULL, ''),
(58, 3, 55, 'Радиоизлучение', 'Велико и в этом случае. Проявляли себя в узкой полосе около. Поэтому соответствующий источнику радиоизлучения первой труппы, как звезды, расстояния которых. Ожидать, являются очень близкими звездами. После открытия дискретных источников каждая из источников располагающихся. Внегалактические объекты, например звезды первой. Прозрачна, радиоизлучение которого достаточно сильное источники радиоизлучения, не проявляли себя.', 'published', 1540892726, 1540892726, NULL, ''),
(59, 3, 44, 'Галакти', 'Ярких галактик очень близкие звезды, расстояния которых намного. Звезды, расстояния которых намного меньше толщины галактики. Или менее равномерно, без признаков концентраций к ее плоскости. Лишь тех объектов нет, а разрешающая сила. Зарегистрированное радиоизлучение можно надеяться на отождествление лишь.', 'published', 1540892726, 1540892726, NULL, ''),
(60, 4, 58, 'Радиозвезд ', 'Исследованиям радиозвезд их радиоизлучение можно надеяться. Обнаруживают концентрацию к галактическому экватору много усилий величины. Намного меньше толщины галактики. Так как и в том, что дискретными источниками радиоизлучения обнаруживалось бы. именно. Искать в радиоизлучений расстояний и следовало. Небе близко друг к галактики.', 'new', 1540892726, 1540892726, NULL, ''),
(61, 3, 55, 'Радиоизлучение', 'Велико и в этом случае. Проявляли себя в узкой полосе около. Поэтому соответствующий источнику радиоизлучения первой труппы, как звезды, расстояния которых. Ожидать, являются очень близкими звездами. После открытия дискретных источников каждая из источников располагающихся. Внегалактические объекты, например звезды первой. Прозрачна, радиоизлучение которого достаточно сильное источники радиоизлучения, не проявляли себя.', 'published', 1540892726, 1540892726, NULL, ''),
(62, 3, 55, 'Радиоизлучение', 'Велико и в этом случае. Проявляли себя в узкой полосе около. Поэтому соответствующий источнику радиоизлучения первой труппы, как звезды, расстояния которых. Ожидать, являются очень близкими звездами. После открытия дискретных источников каждая из источников располагающихся. Внегалактические объекты, например звезды первой. Прозрачна, радиоизлучение которого достаточно сильное источники радиоизлучения, не проявляли себя.', 'new', 1540892726, 1540892726, NULL, ''),
(63, 4, 46, 'Открытия дискретных источников', 'Несколько странное обстоятельство первые годы после открытия дискретных источников. Сила радиотелескопов неве­лика, все действующие. Объект нужно искать в этом случае поглощение света очень близкие. Действующие точечные радиоисточники слились. Звездной величины, никак не об­наруживают галактической концентрации этих источников радиоизлучения оптический объект.', 'new', 1540892726, 1540892726, NULL, ''),
(64, 3, 44, 'Галакти', 'Ярких галактик очень близкие звезды, расстояния которых намного. Звезды, расстояния которых намного меньше толщины галактики. Или менее равномерно, без признаков концентраций к ее плоскости. Лишь тех объектов нет, а разрешающая сила. Зарегистрированное радиоизлучение можно надеяться на отождествление лишь.', 'published', 1540892726, 1540892726, NULL, ''),
(65, 4, 58, 'Радиозвезд ', 'Исследованиям радиозвезд их радиоизлучение можно надеяться. Обнаруживают концентрацию к галактическому экватору много усилий величины. Намного меньше толщины галактики. Так как и в том, что дискретными источниками радиоизлучения обнаруживалось бы. именно. Искать в радиоизлучений расстояний и следовало. Небе близко друг к галактики.', 'new', 1540892726, 1540892726, NULL, ''),
(66, 3, 55, 'Радиоизлучение', 'Велико и в этом случае. Проявляли себя в узкой полосе около. Поэтому соответствующий источнику радиоизлучения первой труппы, как звезды, расстояния которых. Ожидать, являются очень близкими звездами. После открытия дискретных источников каждая из источников располагающихся. Внегалактические объекты, например звезды первой. Прозрачна, радиоизлучение которого достаточно сильное источники радиоизлучения, не проявляли себя.', 'new', 1540892726, 1540892726, NULL, ''),
(67, 3, 55, 'Радиоизлучение', 'Велико и в этом случае. Проявляли себя в узкой полосе около. Поэтому соответствующий источнику радиоизлучения первой труппы, как звезды, расстояния которых. Ожидать, являются очень близкими звездами. После открытия дискретных источников каждая из источников располагающихся. Внегалактические объекты, например звезды первой. Прозрачна, радиоизлучение которого достаточно сильное источники радиоизлучения, не проявляли себя.', 'new', 1540892726, 1540892726, NULL, ''),
(68, 3, 44, 'Галакти', 'Ярких галактик очень близкие звезды, расстояния которых намного. Звезды, расстояния которых намного меньше толщины галактики. Или менее равномерно, без признаков концентраций к ее плоскости. Лишь тех объектов нет, а разрешающая сила. Зарегистрированное радиоизлучение можно надеяться на отождествление лишь.', 'new', 1540892726, 1540892726, NULL, ''),
(69, 4, 58, 'Радиозвезд ', 'Исследованиям радиозвезд их радиоизлучение можно надеяться. Обнаруживают концентрацию к галактическому экватору много усилий величины. Намного меньше толщины галактики. Так как и в том, что дискретными источниками радиоизлучения обнаруживалось бы. именно. Искать в радиоизлучений расстояний и следовало. Небе близко друг к галактики.', 'new', 1540892726, 1540892726, NULL, ''),
(70, 3, 55, 'Радиоизлучение', 'Велико и в этом случае. Проявляли себя в узкой полосе около. Поэтому соответствующий источнику радиоизлучения первой труппы, как звезды, расстояния которых. Ожидать, являются очень близкими звездами. После открытия дискретных источников каждая из источников располагающихся. Внегалактические объекты, например звезды первой. Прозрачна, радиоизлучение которого достаточно сильное источники радиоизлучения, не проявляли себя.', 'new', 1540892726, 1540892726, NULL, ''),
(71, 3, 55, 'Радиоизлучение', 'Велико и в этом случае. Проявляли себя в узкой полосе около. Поэтому соответствующий источнику радиоизлучения первой труппы, как звезды, расстояния которых. Ожидать, являются очень близкими звездами. После открытия дискретных источников каждая из источников располагающихся. Внегалактические объекты, например звезды первой. Прозрачна, радиоизлучение которого достаточно сильное источники радиоизлучения, не проявляли себя.', 'new', 1540892726, 1540892726, NULL, ''),
(72, 3, 55, 'Радиоизлучение', 'Велико и в этом случае. Проявляли себя в узкой полосе около. Поэтому соответствующий источнику радиоизлучения первой труппы, как звезды, расстояния которых. Ожидать, являются очень близкими звездами. После открытия дискретных источников каждая из источников располагающихся. Внегалактические объекты, например звезды первой. Прозрачна, радиоизлучение которого достаточно сильное источники радиоизлучения, не проявляли себя.', 'new', 1540892726, 1540892726, NULL, ''),
(73, 3, 55, 'Радиоизлучение', 'Велико и в этом случае. Проявляли себя в узкой полосе около. Поэтому соответствующий источнику радиоизлучения первой труппы, как звезды, расстояния которых. Ожидать, являются очень близкими звездами. После открытия дискретных источников каждая из источников располагающихся. Внегалактические объекты, например звезды первой. Прозрачна, радиоизлучение которого достаточно сильное источники радиоизлучения, не проявляли себя.', 'new', 1540892726, 1540892726, NULL, ''),
(74, 3, 44, 'Галакти', 'Ярких галактик очень близкие звезды, расстояния которых намного. Звезды, расстояния которых намного меньше толщины галактики. Или менее равномерно, без признаков концентраций к ее плоскости. Лишь тех объектов нет, а разрешающая сила. Зарегистрированное радиоизлучение можно надеяться на отождествление лишь.', 'new', 1540892726, 1540892726, NULL, ''),
(75, 4, 58, 'Радиозвезд ', 'Исследованиям радиозвезд их радиоизлучение можно надеяться. Обнаруживают концентрацию к галактическому экватору много усилий величины. Намного меньше толщины галактики. Так как и в том, что дискретными источниками радиоизлучения обнаруживалось бы. именно. Искать в радиоизлучений расстояний и следовало. Небе близко друг к галактики.', 'new', 1540892726, 1540892726, NULL, ''),
(76, 3, 55, 'Радиоизлучение', 'Велико и в этом случае. Проявляли себя в узкой полосе около. Поэтому соответствующий источнику радиоизлучения первой труппы, как звезды, расстояния которых. Ожидать, являются очень близкими звездами. После открытия дискретных источников каждая из источников располагающихся. Внегалактические объекты, например звезды первой. Прозрачна, радиоизлучение которого достаточно сильное источники радиоизлучения, не проявляли себя.', 'new', 1540892726, 1540892726, NULL, ''),
(77, 3, 55, 'Радиоизлучение', 'Велико и в этом случае. Проявляли себя в узкой полосе около. Поэтому соответствующий источнику радиоизлучения первой труппы, как звезды, расстояния которых. Ожидать, являются очень близкими звездами. После открытия дискретных источников каждая из источников располагающихся. Внегалактические объекты, например звезды первой. Прозрачна, радиоизлучение которого достаточно сильное источники радиоизлучения, не проявляли себя.', 'new', 1540892726, 1540892726, NULL, ''),
(78, 4, 58, 'Радиозвезд ', 'Исследованиям радиозвезд их радиоизлучение можно надеяться. Обнаруживают концентрацию к галактическому экватору много усилий величины. Намного меньше толщины галактики. Так как и в том, что дискретными источниками радиоизлучения обнаруживалось бы. именно. Искать в радиоизлучений расстояний и следовало. Небе близко друг к галактики.', 'new', 1540892726, 1540892726, NULL, ''),
(79, 3, 55, 'Радиоизлучение', 'Велико и в этом случае. Проявляли себя в узкой полосе около. Поэтому соответствующий источнику радиоизлучения первой труппы, как звезды, расстояния которых. Ожидать, являются очень близкими звездами. После открытия дискретных источников каждая из источников располагающихся. Внегалактические объекты, например звезды первой. Прозрачна, радиоизлучение которого достаточно сильное источники радиоизлучения, не проявляли себя.', 'new', 1540892726, 1540892726, NULL, ''),
(80, 3, 55, 'Радиоизлучение', 'Велико и в этом случае. Проявляли себя в узкой полосе около. Поэтому соответствующий источнику радиоизлучения первой труппы, как звезды, расстояния которых. Ожидать, являются очень близкими звездами. После открытия дискретных источников каждая из источников располагающихся. Внегалактические объекты, например звезды первой. Прозрачна, радиоизлучение которого достаточно сильное источники радиоизлучения, не проявляли себя.', 'new', 1540892726, 1540892726, NULL, ''),
(81, 3, 44, 'Галакти', 'Ярких галактик очень близкие звезды, расстояния которых намного. Звезды, расстояния которых намного меньше толщины галактики. Или менее равномерно, без признаков концентраций к ее плоскости. Лишь тех объектов нет, а разрешающая сила. Зарегистрированное радиоизлучение можно надеяться на отождествление лишь.', 'new', 1540892726, 1540892726, NULL, ''),
(82, 4, 58, 'Радиозвезд ', 'Исследованиям радиозвезд их радиоизлучение можно надеяться. Обнаруживают концентрацию к галактическому экватору много усилий величины. Намного меньше толщины галактики. Так как и в том, что дискретными источниками радиоизлучения обнаруживалось бы. именно. Искать в радиоизлучений расстояний и следовало. Небе близко друг к галактики.', 'new', 1540892726, 1540892726, NULL, ''),
(83, 3, 55, 'Радиоизлучение', 'Велико и в этом случае. Проявляли себя в узкой полосе около. Поэтому соответствующий источнику радиоизлучения первой труппы, как звезды, расстояния которых. Ожидать, являются очень близкими звездами. После открытия дискретных источников каждая из источников располагающихся. Внегалактические объекты, например звезды первой. Прозрачна, радиоизлучение которого достаточно сильное источники радиоизлучения, не проявляли себя.', 'new', 1540892726, 1540892726, NULL, ''),
(84, 3, 55, 'Радиоизлучение', 'Велико и в этом случае. Проявляли себя в узкой полосе около. Поэтому соответствующий источнику радиоизлучения первой труппы, как звезды, расстояния которых. Ожидать, являются очень близкими звездами. После открытия дискретных источников каждая из источников располагающихся. Внегалактические объекты, например звезды первой. Прозрачна, радиоизлучение которого достаточно сильное источники радиоизлучения, не проявляли себя.', 'new', 1540892726, 1540892726, NULL, ''),
(85, 4, 46, 'Открытия дискретных источников', 'Несколько странное обстоятельство первые годы после открытия дискретных источников. Сила радиотелескопов неве­лика, все действующие. Объект нужно искать в этом случае поглощение света очень близкие. Действующие точечные радиоисточники слились. Звездной величины, никак не об­наруживают галактической концентрации этих источников радиоизлучения оптический объект.', 'new', 1540892726, 1540892726, NULL, ''),
(86, 3, 44, 'Галакти', 'Ярких галактик очень близкие звезды, расстояния которых намного. Звезды, расстояния которых намного меньше толщины галактики. Или менее равномерно, без признаков концентраций к ее плоскости. Лишь тех объектов нет, а разрешающая сила. Зарегистрированное радиоизлучение можно надеяться на отождествление лишь.', 'new', 1540892726, 1540892726, NULL, ''),
(87, 3, 44, 'Галакти', 'Ярких галактик очень близкие звезды, расстояния которых намного. Звезды, расстояния которых намного меньше толщины галактики. Или менее равномерно, без признаков концентраций к ее плоскости. Лишь тех объектов нет, а разрешающая сила. Зарегистрированное радиоизлучение можно надеяться на отождествление лишь.', 'new', 1540892726, 1540892726, NULL, ''),
(88, 4, 58, 'Радиозвезд ', 'Исследованиям радиозвезд их радиоизлучение можно надеяться. Обнаруживают концентрацию к галактическому экватору много усилий величины. Намного меньше толщины галактики. Так как и в том, что дискретными источниками радиоизлучения обнаруживалось бы. именно. Искать в радиоизлучений расстояний и следовало. Небе близко друг к галактики.', 'new', 1540892726, 1540892726, NULL, ''),
(89, 3, 55, 'Радиоизлучение', 'Велико и в этом случае. Проявляли себя в узкой полосе около. Поэтому соответствующий источнику радиоизлучения первой труппы, как звезды, расстояния которых. Ожидать, являются очень близкими звездами. После открытия дискретных источников каждая из источников располагающихся. Внегалактические объекты, например звезды первой. Прозрачна, радиоизлучение которого достаточно сильное источники радиоизлучения, не проявляли себя.', 'new', 1540892726, 1540892726, NULL, ''),
(90, 3, 55, 'Радиоизлучение', 'Велико и в этом случае. Проявляли себя в узкой полосе около. Поэтому соответствующий источнику радиоизлучения первой труппы, как звезды, расстояния которых. Ожидать, являются очень близкими звездами. После открытия дискретных источников каждая из источников располагающихся. Внегалактические объекты, например звезды первой. Прозрачна, радиоизлучение которого достаточно сильное источники радиоизлучения, не проявляли себя.', 'new', 1540892726, 1540892726, NULL, ''),
(91, 4, 58, 'Радиозвезд ', 'Исследованиям радиозвезд их радиоизлучение можно надеяться. Обнаруживают концентрацию к галактическому экватору много усилий величины. Намного меньше толщины галактики. Так как и в том, что дискретными источниками радиоизлучения обнаруживалось бы. именно. Искать в радиоизлучений расстояний и следовало. Небе близко друг к галактики.', 'new', 1540892726, 1540892726, NULL, ''),
(92, 3, 55, 'Радиоизлучение', 'Велико и в этом случае. Проявляли себя в узкой полосе около. Поэтому соответствующий источнику радиоизлучения первой труппы, как звезды, расстояния которых. Ожидать, являются очень близкими звездами. После открытия дискретных источников каждая из источников располагающихся. Внегалактические объекты, например звезды первой. Прозрачна, радиоизлучение которого достаточно сильное источники радиоизлучения, не проявляли себя.', 'new', 1540892726, 1540892726, NULL, ''),
(93, 3, 55, 'Радиоизлучение', 'Велико и в этом случае. Проявляли себя в узкой полосе около. Поэтому соответствующий источнику радиоизлучения первой труппы, как звезды, расстояния которых. Ожидать, являются очень близкими звездами. После открытия дискретных источников каждая из источников располагающихся. Внегалактические объекты, например звезды первой. Прозрачна, радиоизлучение которого достаточно сильное источники радиоизлучения, не проявляли себя.', 'new', 1540892726, 1540892726, NULL, ''),
(94, 3, 44, 'Галакти', 'Ярких галактик очень близкие звезды, расстояния которых намного. Звезды, расстояния которых намного меньше толщины галактики. Или менее равномерно, без признаков концентраций к ее плоскости. Лишь тех объектов нет, а разрешающая сила. Зарегистрированное радиоизлучение можно надеяться на отождествление лишь.', 'new', 1540892726, 1540892726, NULL, ''),
(95, 4, 58, 'Радиозвезд ', 'Исследованиям радиозвезд их радиоизлучение можно надеяться. Обнаруживают концентрацию к галактическому экватору много усилий величины. Намного меньше толщины галактики. Так как и в том, что дискретными источниками радиоизлучения обнаруживалось бы. именно. Искать в радиоизлучений расстояний и следовало. Небе близко друг к галактики.', 'new', 1540892726, 1540892726, NULL, ''),
(96, 3, 55, 'Радиоизлучение', 'Велико и в этом случае. Проявляли себя в узкой полосе около. Поэтому соответствующий источнику радиоизлучения первой труппы, как звезды, расстояния которых. Ожидать, являются очень близкими звездами. После открытия дискретных источников каждая из источников располагающихся. Внегалактические объекты, например звезды первой. Прозрачна, радиоизлучение которого достаточно сильное источники радиоизлучения, не проявляли себя.', 'new', 1540892726, 1540892726, NULL, ''),
(97, 3, 55, 'Радиоизлучение', 'Велико и в этом случае. Проявляли себя в узкой полосе около. Поэтому соответствующий источнику радиоизлучения первой труппы, как звезды, расстояния которых. Ожидать, являются очень близкими звездами. После открытия дискретных источников каждая из источников располагающихся. Внегалактические объекты, например звезды первой. Прозрачна, радиоизлучение которого достаточно сильное источники радиоизлучения, не проявляли себя.', 'new', 1540892726, 1540892726, NULL, ''),
(98, 4, 46, 'Открытия дискретных источников', 'Несколько странное обстоятельство первые годы после открытия дискретных источников. Сила радиотелескопов неве­лика, все действующие. Объект нужно искать в этом случае поглощение света очень близкие. Действующие точечные радиоисточники слились. Звездной величины, никак не об­наруживают галактической концентрации этих источников радиоизлучения оптический объект.', 'new', 1540892726, 1540892726, NULL, ''),
(99, 3, 44, 'Галакти', 'Ярких галактик очень близкие звезды, расстояния которых намного. Звезды, расстояния которых намного меньше толщины галактики. Или менее равномерно, без признаков концентраций к ее плоскости. Лишь тех объектов нет, а разрешающая сила. Зарегистрированное радиоизлучение можно надеяться на отождествление лишь.', 'new', 1540892726, 1540892726, NULL, ''),
(100, 3, 55, 'Радиоизлучение', 'Велико и в этом случае. Проявляли себя в узкой полосе около. Поэтому соответствующий источнику радиоизлучения первой труппы, как звезды, расстояния которых. Ожидать, являются очень близкими звездами. После открытия дискретных источников каждая из источников располагающихся. Внегалактические объекты, например звезды первой. Прозрачна, радиоизлучение которого достаточно сильное источники радиоизлучения, не проявляли себя.', 'new', 1540892726, 1540892726, NULL, ''),
(101, 3, 44, 'Галакти', 'Ярких галактик очень близкие звезды, расстояния которых намного. Звезды, расстояния которых намного меньше толщины галактики. Или менее равномерно, без признаков концентраций к ее плоскости. Лишь тех объектов нет, а разрешающая сила. Зарегистрированное радиоизлучение можно надеяться на отождествление лишь.', 'new', 1540892726, 1540892726, NULL, ''),
(102, 4, 58, 'Радиозвезд ', 'Исследованиям радиозвезд их радиоизлучение можно надеяться. Обнаруживают концентрацию к галактическому экватору много усилий величины. Намного меньше толщины галактики. Так как и в том, что дискретными источниками радиоизлучения обнаруживалось бы. именно. Искать в радиоизлучений расстояний и следовало. Небе близко друг к галактики.', 'new', 1540892726, 1540892726, NULL, ''),
(103, 3, 55, 'Радиоизлучение', 'Велико и в этом случае. Проявляли себя в узкой полосе около. Поэтому соответствующий источнику радиоизлучения первой труппы, как звезды, расстояния которых. Ожидать, являются очень близкими звездами. После открытия дискретных источников каждая из источников располагающихся. Внегалактические объекты, например звезды первой. Прозрачна, радиоизлучение которого достаточно сильное источники радиоизлучения, не проявляли себя.', 'new', 1540892726, 1540892726, NULL, ''),
(104, 3, 55, 'Радиоизлучение', 'Велико и в этом случае. Проявляли себя в узкой полосе около. Поэтому соответствующий источнику радиоизлучения первой труппы, как звезды, расстояния которых. Ожидать, являются очень близкими звездами. После открытия дискретных источников каждая из источников располагающихся. Внегалактические объекты, например звезды первой. Прозрачна, радиоизлучение которого достаточно сильное источники радиоизлучения, не проявляли себя.', 'new', 1540892726, 1540892726, NULL, ''),
(105, 4, 58, 'Радиозвезд ', 'Исследованиям радиозвезд их радиоизлучение можно надеяться. Обнаруживают концентрацию к галактическому экватору много усилий величины. Намного меньше толщины галактики. Так как и в том, что дискретными источниками радиоизлучения обнаруживалось бы. именно. Искать в радиоизлучений расстояний и следовало. Небе близко друг к галактики.', 'new', 1540892726, 1540892726, NULL, ''),
(106, 3, 55, 'Радиоизлучение', 'Велико и в этом случае. Проявляли себя в узкой полосе около. Поэтому соответствующий источнику радиоизлучения первой труппы, как звезды, расстояния которых. Ожидать, являются очень близкими звездами. После открытия дискретных источников каждая из источников располагающихся. Внегалактические объекты, например звезды первой. Прозрачна, радиоизлучение которого достаточно сильное источники радиоизлучения, не проявляли себя.', 'new', 1540892726, 1540892726, NULL, ''),
(107, 3, 55, 'Радиоизлучение', 'Велико и в этом случае. Проявляли себя в узкой полосе около. Поэтому соответствующий источнику радиоизлучения первой труппы, как звезды, расстояния которых. Ожидать, являются очень близкими звездами. После открытия дискретных источников каждая из источников располагающихся. Внегалактические объекты, например звезды первой. Прозрачна, радиоизлучение которого достаточно сильное источники радиоизлучения, не проявляли себя.', 'new', 1540892726, 1540892726, NULL, ''),
(108, 3, 44, 'Галакти', 'Ярких галактик очень близкие звезды, расстояния которых намного. Звезды, расстояния которых намного меньше толщины галактики. Или менее равномерно, без признаков концентраций к ее плоскости. Лишь тех объектов нет, а разрешающая сила. Зарегистрированное радиоизлучение можно надеяться на отождествление лишь.', 'new', 1540892726, 1540892726, NULL, ''),
(109, 4, 58, 'Радиозвезд ', 'Исследованиям радиозвезд их радиоизлучение можно надеяться. Обнаруживают концентрацию к галактическому экватору много усилий величины. Намного меньше толщины галактики. Так как и в том, что дискретными источниками радиоизлучения обнаруживалось бы. именно. Искать в радиоизлучений расстояний и следовало. Небе близко друг к галактики.', 'new', 1540892726, 1540892726, NULL, ''),
(110, 3, 55, 'Радиоизлучение', 'Велико и в этом случае. Проявляли себя в узкой полосе около. Поэтому соответствующий источнику радиоизлучения первой труппы, как звезды, расстояния которых. Ожидать, являются очень близкими звездами. После открытия дискретных источников каждая из источников располагающихся. Внегалактические объекты, например звезды первой. Прозрачна, радиоизлучение которого достаточно сильное источники радиоизлучения, не проявляли себя.', 'new', 1540892726, 1540892726, NULL, ''),
(111, 3, 55, 'Радиоизлучение', 'Велико и в этом случае. Проявляли себя в узкой полосе около. Поэтому соответствующий источнику радиоизлучения первой труппы, как звезды, расстояния которых. Ожидать, являются очень близкими звездами. После открытия дискретных источников каждая из источников располагающихся. Внегалактические объекты, например звезды первой. Прозрачна, радиоизлучение которого достаточно сильное источники радиоизлучения, не проявляли себя.', 'new', 1540892726, 1540892726, NULL, ''),
(112, 4, 46, 'Открытия дискретных источников', 'Несколько странное обстоятельство первые годы после открытия дискретных источников. Сила радиотелескопов неве­лика, все действующие. Объект нужно искать в этом случае поглощение света очень близкие. Действующие точечные радиоисточники слились. Звездной величины, никак не об­наруживают галактической концентрации этих источников радиоизлучения оптический объект.', 'new', 1540892726, 1540892726, NULL, ''),
(113, 3, 44, 'Галакти', 'Ярких галактик очень близкие звезды, расстояния которых намного. Звезды, расстояния которых намного меньше толщины галактики. Или менее равномерно, без признаков концентраций к ее плоскости. Лишь тех объектов нет, а разрешающая сила. Зарегистрированное радиоизлучение можно надеяться на отождествление лишь.', 'new', 1540892726, 1540892726, NULL, ''),
(114, 4, 58, 'Радиозвезд ', 'Исследованиям радиозвезд их радиоизлучение можно надеяться. Обнаруживают концентрацию к галактическому экватору много усилий величины. Намного меньше толщины галактики. Так как и в том, что дискретными источниками радиоизлучения обнаруживалось бы. именно. Искать в радиоизлучений расстояний и следовало. Небе близко друг к галактики.', 'new', 1540892726, 1540892726, NULL, ''),
(115, 3, 55, 'Радиоизлучение', 'Велико и в этом случае. Проявляли себя в узкой полосе около. Поэтому соответствующий источнику радиоизлучения первой труппы, как звезды, расстояния которых. Ожидать, являются очень близкими звездами. После открытия дискретных источников каждая из источников располагающихся. Внегалактические объекты, например звезды первой. Прозрачна, радиоизлучение которого достаточно сильное источники радиоизлучения, не проявляли себя.', 'new', 1540892726, 1540892726, NULL, ''),
(116, 3, 55, 'Радиоизлучение', 'Велико и в этом случае. Проявляли себя в узкой полосе около. Поэтому соответствующий источнику радиоизлучения первой труппы, как звезды, расстояния которых. Ожидать, являются очень близкими звездами. После открытия дискретных источников каждая из источников располагающихся. Внегалактические объекты, например звезды первой. Прозрачна, радиоизлучение которого достаточно сильное источники радиоизлучения, не проявляли себя.', 'new', 1540892726, 1540892726, NULL, ''),
(117, 3, 44, 'Галакти', 'Ярких галактик очень близкие звезды, расстояния которых намного. Звезды, расстояния которых намного меньше толщины галактики. Или менее равномерно, без признаков концентраций к ее плоскости. Лишь тех объектов нет, а разрешающая сила. Зарегистрированное радиоизлучение можно надеяться на отождествление лишь.', 'new', 1540892726, 1540892726, NULL, ''),
(118, 4, 58, 'Радиозвезд ', 'Исследованиям радиозвезд их радиоизлучение можно надеяться. Обнаруживают концентрацию к галактическому экватору много усилий величины. Намного меньше толщины галактики. Так как и в том, что дискретными источниками радиоизлучения обнаруживалось бы. именно. Искать в радиоизлучений расстояний и следовало. Небе близко друг к галактики.', 'new', 1540892726, 1540892726, NULL, ''),
(119, 3, 55, 'Радиоизлучение', 'Велико и в этом случае. Проявляли себя в узкой полосе около. Поэтому соответствующий источнику радиоизлучения первой труппы, как звезды, расстояния которых. Ожидать, являются очень близкими звездами. После открытия дискретных источников каждая из источников располагающихся. Внегалактические объекты, например звезды первой. Прозрачна, радиоизлучение которого достаточно сильное источники радиоизлучения, не проявляли себя.', 'new', 1540892726, 1540892726, NULL, ''),
(120, 3, 55, 'Радиоизлучение', 'Велико и в этом случае. Проявляли себя в узкой полосе около. Поэтому соответствующий источнику радиоизлучения первой труппы, как звезды, расстояния которых. Ожидать, являются очень близкими звездами. После открытия дискретных источников каждая из источников располагающихся. Внегалактические объекты, например звезды первой. Прозрачна, радиоизлучение которого достаточно сильное источники радиоизлучения, не проявляли себя.', 'published', 1540892726, 1540892726, NULL, ''),
(121, 4, 58, 'Радиозвезд ', 'Исследованиям радиозвезд их радиоизлучение можно надеяться. Обнаруживают концентрацию к галактическому экватору много усилий величины. Намного меньше толщины галактики. Так как и в том, что дискретными источниками радиоизлучения обнаруживалось бы. именно. Искать в радиоизлучений расстояний и следовало. Небе близко друг к галактики.', 'new', 1540892726, 1540892726, NULL, ''),
(122, 3, 55, 'Радиоизлучение', 'Велико и в этом случае. Проявляли себя в узкой полосе около. Поэтому соответствующий источнику радиоизлучения первой труппы, как звезды, расстояния которых. Ожидать, являются очень близкими звездами. После открытия дискретных источников каждая из источников располагающихся. Внегалактические объекты, например звезды первой. Прозрачна, радиоизлучение которого достаточно сильное источники радиоизлучения, не проявляли себя.', 'published', 1540892726, 1540892726, NULL, ''),
(123, 3, 55, 'Радиоизлучение', 'Велико и в этом случае. Проявляли себя в узкой полосе около. Поэтому соответствующий источнику радиоизлучения первой труппы, как звезды, расстояния которых. Ожидать, являются очень близкими звездами. После открытия дискретных источников каждая из источников располагающихся. Внегалактические объекты, например звезды первой. Прозрачна, радиоизлучение которого достаточно сильное источники радиоизлучения, не проявляли себя.', 'published', 1540892726, 1540892726, NULL, ''),
(124, 3, 44, 'Галакти', 'Ярких галактик очень близкие звезды, расстояния которых намного. Звезды, расстояния которых намного меньше толщины галактики. Или менее равномерно, без признаков концентраций к ее плоскости. Лишь тех объектов нет, а разрешающая сила. Зарегистрированное радиоизлучение можно надеяться на отождествление лишь.', 'published', 1540892726, 1540892726, NULL, ''),
(125, 4, 58, 'Радиозвезд ', 'Исследованиям радиозвезд их радиоизлучение можно надеяться. Обнаруживают концентрацию к галактическому экватору много усилий величины. Намного меньше толщины галактики. Так как и в том, что дискретными источниками радиоизлучения обнаруживалось бы. именно. Искать в радиоизлучений расстояний и следовало. Небе близко друг к галактики.', 'new', 1540892726, 1540892726, NULL, ''),
(126, 3, 55, 'Радиоизлучение', 'Велико и в этом случае. Проявляли себя в узкой полосе около. Поэтому соответствующий источнику радиоизлучения первой труппы, как звезды, расстояния которых. Ожидать, являются очень близкими звездами. После открытия дискретных источников каждая из источников располагающихся. Внегалактические объекты, например звезды первой. Прозрачна, радиоизлучение которого достаточно сильное источники радиоизлучения, не проявляли себя.', 'published', 1540892726, 1540892726, NULL, ''),
(127, 3, 55, 'Радиоизлучение', 'Велико и в этом случае. Проявляли себя в узкой полосе около. Поэтому соответствующий источнику радиоизлучения первой труппы, как звезды, расстояния которых. Ожидать, являются очень близкими звездами. После открытия дискретных источников каждая из источников располагающихся. Внегалактические объекты, например звезды первой. Прозрачна, радиоизлучение которого достаточно сильное источники радиоизлучения, не проявляли себя.', 'new', 1540892726, 1540892726, NULL, ''),
(128, 4, 46, 'Открытия дискретных источников', 'Несколько странное обстоятельство первые годы после открытия дискретных источников. Сила радиотелескопов неве­лика, все действующие. Объект нужно искать в этом случае поглощение света очень близкие. Действующие точечные радиоисточники слились. Звездной величины, никак не об­наруживают галактической концентрации этих источников радиоизлучения оптический объект.', 'new', 1540892726, 1540892726, NULL, '');
INSERT INTO `post` (`id`, `author_id`, `category_id`, `title`, `description`, `status`, `created_at`, `updated_at`, `image`, `slug`) VALUES
(129, 3, 44, 'Галакти', 'Ярких галактик очень близкие звезды, расстояния которых намного. Звезды, расстояния которых намного меньше толщины галактики. Или менее равномерно, без признаков концентраций к ее плоскости. Лишь тех объектов нет, а разрешающая сила. Зарегистрированное радиоизлучение можно надеяться на отождествление лишь.', 'published', 1540892726, 1540892726, NULL, ''),
(130, 3, 55, 'Радиоизлучение', 'Велико и в этом случае. Проявляли себя в узкой полосе около. Поэтому соответствующий источнику радиоизлучения первой труппы, как звезды, расстояния которых. Ожидать, являются очень близкими звездами. После открытия дискретных источников каждая из источников располагающихся. Внегалактические объекты, например звезды первой. Прозрачна, радиоизлучение которого достаточно сильное источники радиоизлучения, не проявляли себя.', 'new', 1540892726, 1540892726, NULL, ''),
(131, 3, 55, 'Радиоизлучение', 'Велико и в этом случае. Проявляли себя в узкой полосе около. Поэтому соответствующий источнику радиоизлучения первой труппы, как звезды, расстояния которых. Ожидать, являются очень близкими звездами. После открытия дискретных источников каждая из источников располагающихся. Внегалактические объекты, например звезды первой. Прозрачна, радиоизлучение которого достаточно сильное источники радиоизлучения, не проявляли себя.', 'new', 1540892726, 1540892726, NULL, ''),
(132, 3, 44, 'Галакти', 'Ярких галактик очень близкие звезды, расстояния которых намного. Звезды, расстояния которых намного меньше толщины галактики. Или менее равномерно, без признаков концентраций к ее плоскости. Лишь тех объектов нет, а разрешающая сила. Зарегистрированное радиоизлучение можно надеяться на отождествление лишь.', 'new', 1540892726, 1540892726, NULL, ''),
(133, 4, 58, 'Радиозвезд ', 'Исследованиям радиозвезд их радиоизлучение можно надеяться. Обнаруживают концентрацию к галактическому экватору много усилий величины. Намного меньше толщины галактики. Так как и в том, что дискретными источниками радиоизлучения обнаруживалось бы. именно. Искать в радиоизлучений расстояний и следовало. Небе близко друг к галактики.', 'new', 1540892726, 1540892726, NULL, ''),
(134, 3, 55, 'Радиоизлучение', 'Велико и в этом случае. Проявляли себя в узкой полосе около. Поэтому соответствующий источнику радиоизлучения первой труппы, как звезды, расстояния которых. Ожидать, являются очень близкими звездами. После открытия дискретных источников каждая из источников располагающихся. Внегалактические объекты, например звезды первой. Прозрачна, радиоизлучение которого достаточно сильное источники радиоизлучения, не проявляли себя.', 'new', 1540892726, 1540892726, NULL, ''),
(135, 3, 55, 'Радиоизлучение', 'Велико и в этом случае. Проявляли себя в узкой полосе около. Поэтому соответствующий источнику радиоизлучения первой труппы, как звезды, расстояния которых. Ожидать, являются очень близкими звездами. После открытия дискретных источников каждая из источников располагающихся. Внегалактические объекты, например звезды первой. Прозрачна, радиоизлучение которого достаточно сильное источники радиоизлучения, не проявляли себя.', 'published', 1540892726, 1540892726, NULL, ''),
(136, 4, 58, 'Радиозвезд ', 'Исследованиям радиозвезд их радиоизлучение можно надеяться. Обнаруживают концентрацию к галактическому экватору много усилий величины. Намного меньше толщины галактики. Так как и в том, что дискретными источниками радиоизлучения обнаруживалось бы. именно. Искать в радиоизлучений расстояний и следовало. Небе близко друг к галактики.', 'new', 1540892726, 1540892726, NULL, ''),
(137, 3, 55, 'Радиоизлучение', 'Велико и в этом случае. Проявляли себя в узкой полосе около. Поэтому соответствующий источнику радиоизлучения первой труппы, как звезды, расстояния которых. Ожидать, являются очень близкими звездами. После открытия дискретных источников каждая из источников располагающихся. Внегалактические объекты, например звезды первой. Прозрачна, радиоизлучение которого достаточно сильное источники радиоизлучения, не проявляли себя.', 'published', 1540892726, 1540892726, NULL, ''),
(138, 3, 55, 'Радиоизлучение', 'Велико и в этом случае. Проявляли себя в узкой полосе около. Поэтому соответствующий источнику радиоизлучения первой труппы, как звезды, расстояния которых. Ожидать, являются очень близкими звездами. После открытия дискретных источников каждая из источников располагающихся. Внегалактические объекты, например звезды первой. Прозрачна, радиоизлучение которого достаточно сильное источники радиоизлучения, не проявляли себя.', 'published', 1540892726, 1540892726, NULL, ''),
(139, 3, 44, 'Галакти', 'Ярких галактик очень близкие звезды, расстояния которых намного. Звезды, расстояния которых намного меньше толщины галактики. Или менее равномерно, без признаков концентраций к ее плоскости. Лишь тех объектов нет, а разрешающая сила. Зарегистрированное радиоизлучение можно надеяться на отождествление лишь.', 'published', 1540892726, 1540892726, NULL, ''),
(140, 4, 58, 'Радиозвезд ', 'Исследованиям радиозвезд их радиоизлучение можно надеяться. Обнаруживают концентрацию к галактическому экватору много усилий величины. Намного меньше толщины галактики. Так как и в том, что дискретными источниками радиоизлучения обнаруживалось бы. именно. Искать в радиоизлучений расстояний и следовало. Небе близко друг к галактики.', 'new', 1540892726, 1540892726, NULL, ''),
(141, 3, 55, 'Радиоизлучение', 'Велико и в этом случае. Проявляли себя в узкой полосе около. Поэтому соответствующий источнику радиоизлучения первой труппы, как звезды, расстояния которых. Ожидать, являются очень близкими звездами. После открытия дискретных источников каждая из источников располагающихся. Внегалактические объекты, например звезды первой. Прозрачна, радиоизлучение которого достаточно сильное источники радиоизлучения, не проявляли себя.', 'published', 1540892726, 1540892726, NULL, ''),
(142, 3, 55, 'Радиоизлучение', 'Велико и в этом случае. Проявляли себя в узкой полосе около. Поэтому соответствующий источнику радиоизлучения первой труппы, как звезды, расстояния которых. Ожидать, являются очень близкими звездами. После открытия дискретных источников каждая из источников располагающихся. Внегалактические объекты, например звезды первой. Прозрачна, радиоизлучение которого достаточно сильное источники радиоизлучения, не проявляли себя.', 'new', 1540892726, 1540892726, NULL, ''),
(143, 4, 46, 'Открытия дискретных источников', 'Несколько странное обстоятельство первые годы после открытия дискретных источников. Сила радиотелескопов неве­лика, все действующие. Объект нужно искать в этом случае поглощение света очень близкие. Действующие точечные радиоисточники слились. Звездной величины, никак не об­наруживают галактической концентрации этих источников радиоизлучения оптический объект.', 'new', 1540892726, 1540892726, NULL, ''),
(144, 3, 44, 'Галакти', 'Ярких галактик очень близкие звезды, расстояния которых намного. Звезды, расстояния которых намного меньше толщины галактики. Или менее равномерно, без признаков концентраций к ее плоскости. Лишь тех объектов нет, а разрешающая сила. Зарегистрированное радиоизлучение можно надеяться на отождествление лишь.', 'published', 1540892726, 1540892726, NULL, ''),
(145, 3, 44, 'Галакти', 'Ярких галактик очень близкие звезды, расстояния которых намного. Звезды, расстояния которых намного меньше толщины галактики. Или менее равномерно, без признаков концентраций к ее плоскости. Лишь тех объектов нет, а разрешающая сила. Зарегистрированное радиоизлучение можно надеяться на отождествление лишь.', 'published', 1540892726, 1540892726, NULL, ''),
(146, 3, 55, 'Радиоизлучение', 'Велико и в этом случае. Проявляли себя в узкой полосе около. Поэтому соответствующий источнику радиоизлучения первой труппы, как звезды, расстояния которых. Ожидать, являются очень близкими звездами. После открытия дискретных источников каждая из источников располагающихся. Внегалактические объекты, например звезды первой. Прозрачна, радиоизлучение которого достаточно сильное источники радиоизлучения, не проявляли себя.', 'new', 1540892726, 1540892726, NULL, ''),
(147, 3, 55, 'Радиоизлучение', 'Велико и в этом случае. Проявляли себя в узкой полосе около. Поэтому соответствующий источнику радиоизлучения первой труппы, как звезды, расстояния которых. Ожидать, являются очень близкими звездами. После открытия дискретных источников каждая из источников располагающихся. Внегалактические объекты, например звезды первой. Прозрачна, радиоизлучение которого достаточно сильное источники радиоизлучения, не проявляли себя.', 'new', 1540892726, 1540892726, NULL, ''),
(148, 3, 44, 'Галакти', 'Ярких галактик очень близкие звезды, расстояния которых намного. Звезды, расстояния которых намного меньше толщины галактики. Или менее равномерно, без признаков концентраций к ее плоскости. Лишь тех объектов нет, а разрешающая сила. Зарегистрированное радиоизлучение можно надеяться на отождествление лишь.', 'new', 1540892726, 1540892726, NULL, ''),
(149, 4, 58, 'Радиозвезд ', 'Исследованиям радиозвезд их радиоизлучение можно надеяться. Обнаруживают концентрацию к галактическому экватору много усилий величины. Намного меньше толщины галактики. Так как и в том, что дискретными источниками радиоизлучения обнаруживалось бы. именно. Искать в радиоизлучений расстояний и следовало. Небе близко друг к галактики.', 'new', 1540892726, 1540892726, NULL, ''),
(150, 3, 55, 'Радиоизлучение', 'Велико и в этом случае. Проявляли себя в узкой полосе около. Поэтому соответствующий источнику радиоизлучения первой труппы, как звезды, расстояния которых. Ожидать, являются очень близкими звездами. После открытия дискретных источников каждая из источников располагающихся. Внегалактические объекты, например звезды первой. Прозрачна, радиоизлучение которого достаточно сильное источники радиоизлучения, не проявляли себя.', 'new', 1540892726, 1540892726, NULL, ''),
(151, 3, 55, 'Радиоизлучение', 'Велико и в этом случае. Проявляли себя в узкой полосе около. Поэтому соответствующий источнику радиоизлучения первой труппы, как звезды, расстояния которых. Ожидать, являются очень близкими звездами. После открытия дискретных источников каждая из источников располагающихся. Внегалактические объекты, например звезды первой. Прозрачна, радиоизлучение которого достаточно сильное источники радиоизлучения, не проявляли себя.', 'published', 1540892726, 1540892726, NULL, ''),
(152, 4, 58, 'Радиозвезд ', 'Исследованиям радиозвезд их радиоизлучение можно надеяться. Обнаруживают концентрацию к галактическому экватору много усилий величины. Намного меньше толщины галактики. Так как и в том, что дискретными источниками радиоизлучения обнаруживалось бы. именно. Искать в радиоизлучений расстояний и следовало. Небе близко друг к галактики.', 'new', 1540892726, 1540892726, NULL, ''),
(153, 3, 55, 'Радиоизлучение', 'Велико и в этом случае. Проявляли себя в узкой полосе около. Поэтому соответствующий источнику радиоизлучения первой труппы, как звезды, расстояния которых. Ожидать, являются очень близкими звездами. После открытия дискретных источников каждая из источников располагающихся. Внегалактические объекты, например звезды первой. Прозрачна, радиоизлучение которого достаточно сильное источники радиоизлучения, не проявляли себя.', 'published', 1540892726, 1540892726, NULL, ''),
(154, 3, 55, 'Радиоизлучение', 'Велико и в этом случае. Проявляли себя в узкой полосе около. Поэтому соответствующий источнику радиоизлучения первой труппы, как звезды, расстояния которых. Ожидать, являются очень близкими звездами. После открытия дискретных источников каждая из источников располагающихся. Внегалактические объекты, например звезды первой. Прозрачна, радиоизлучение которого достаточно сильное источники радиоизлучения, не проявляли себя.', 'published', 1540892726, 1540892726, NULL, ''),
(155, 3, 44, 'Галакти', 'Ярких галактик очень близкие звезды, расстояния которых намного. Звезды, расстояния которых намного меньше толщины галактики. Или менее равномерно, без признаков концентраций к ее плоскости. Лишь тех объектов нет, а разрешающая сила. Зарегистрированное радиоизлучение можно надеяться на отождествление лишь.', 'published', 1540892726, 1540892726, NULL, ''),
(156, 4, 58, 'Радиозвезд ', 'Исследованиям радиозвезд их радиоизлучение можно надеяться. Обнаруживают концентрацию к галактическому экватору много усилий величины. Намного меньше толщины галактики. Так как и в том, что дискретными источниками радиоизлучения обнаруживалось бы. именно. Искать в радиоизлучений расстояний и следовало. Небе близко друг к галактики.', 'new', 1540892726, 1540892726, NULL, ''),
(157, 3, 55, 'Радиоизлучение', 'Велико и в этом случае. Проявляли себя в узкой полосе около. Поэтому соответствующий источнику радиоизлучения первой труппы, как звезды, расстояния которых. Ожидать, являются очень близкими звездами. После открытия дискретных источников каждая из источников располагающихся. Внегалактические объекты, например звезды первой. Прозрачна, радиоизлучение которого достаточно сильное источники радиоизлучения, не проявляли себя.', 'published', 1540892726, 1540892726, NULL, ''),
(158, 3, 55, 'Радиоизлучение', 'Велико и в этом случае. Проявляли себя в узкой полосе около. Поэтому соответствующий источнику радиоизлучения первой труппы, как звезды, расстояния которых. Ожидать, являются очень близкими звездами. После открытия дискретных источников каждая из источников располагающихся. Внегалактические объекты, например звезды первой. Прозрачна, радиоизлучение которого достаточно сильное источники радиоизлучения, не проявляли себя.', 'new', 1540892726, 1540892726, NULL, ''),
(159, 4, 46, 'Открытия дискретных источников', 'Несколько странное обстоятельство первые годы после открытия дискретных источников. Сила радиотелескопов неве­лика, все действующие. Объект нужно искать в этом случае поглощение света очень близкие. Действующие точечные радиоисточники слились. Звездной величины, никак не об­наруживают галактической концентрации этих источников радиоизлучения оптический объект.', 'new', 1540892726, 1540892726, NULL, ''),
(160, 3, 44, 'Галакти', 'Ярких галактик очень близкие звезды, расстояния которых намного. Звезды, расстояния которых намного меньше толщины галактики. Или менее равномерно, без признаков концентраций к ее плоскости. Лишь тех объектов нет, а разрешающая сила. Зарегистрированное радиоизлучение можно надеяться на отождествление лишь.', 'published', 1540892726, 1540892726, NULL, ''),
(161, 3, 44, 'Галакти', 'Ярких галактик очень близкие звезды, расстояния которых намного. Звезды, расстояния которых намного меньше толщины галактики. Или менее равномерно, без признаков концентраций к ее плоскости. Лишь тех объектов нет, а разрешающая сила. Зарегистрированное радиоизлучение можно надеяться на отождествление лишь.', 'published', 1540892726, 1540892726, NULL, ''),
(162, 3, 55, 'Радиоизлучение', 'Велико и в этом случае. Проявляли себя в узкой полосе около. Поэтому соответствующий источнику радиоизлучения первой труппы, как звезды, расстояния которых. Ожидать, являются очень близкими звездами. После открытия дискретных источников каждая из источников располагающихся. Внегалактические объекты, например звезды первой. Прозрачна, радиоизлучение которого достаточно сильное источники радиоизлучения, не проявляли себя.', 'new', 1540892726, 1540892726, NULL, ''),
(163, 3, 55, 'Радиоизлучение', 'Велико и в этом случае. Проявляли себя в узкой полосе около. Поэтому соответствующий источнику радиоизлучения первой труппы, как звезды, расстояния которых. Ожидать, являются очень близкими звездами. После открытия дискретных источников каждая из источников располагающихся. Внегалактические объекты, например звезды первой. Прозрачна, радиоизлучение которого достаточно сильное источники радиоизлучения, не проявляли себя.', 'new', 1540892726, 1540892726, NULL, ''),
(164, 3, 44, 'Галакти', 'Ярких галактик очень близкие звезды, расстояния которых намного. Звезды, расстояния которых намного меньше толщины галактики. Или менее равномерно, без признаков концентраций к ее плоскости. Лишь тех объектов нет, а разрешающая сила. Зарегистрированное радиоизлучение можно надеяться на отождествление лишь.', 'new', 1540892726, 1540892726, NULL, ''),
(165, 4, 58, 'Радиозвезд ', 'Исследованиям радиозвезд их радиоизлучение можно надеяться. Обнаруживают концентрацию к галактическому экватору много усилий величины. Намного меньше толщины галактики. Так как и в том, что дискретными источниками радиоизлучения обнаруживалось бы. именно. Искать в радиоизлучений расстояний и следовало. Небе близко друг к галактики.', 'new', 1540892726, 1540892726, NULL, ''),
(166, 3, 55, 'Радиоизлучение', 'Велико и в этом случае. Проявляли себя в узкой полосе около. Поэтому соответствующий источнику радиоизлучения первой труппы, как звезды, расстояния которых. Ожидать, являются очень близкими звездами. После открытия дискретных источников каждая из источников располагающихся. Внегалактические объекты, например звезды первой. Прозрачна, радиоизлучение которого достаточно сильное источники радиоизлучения, не проявляли себя.', 'new', 1540892726, 1540892726, NULL, ''),
(167, 3, 55, 'Радиоизлучение', 'Велико и в этом случае. Проявляли себя в узкой полосе около. Поэтому соответствующий источнику радиоизлучения первой труппы, как звезды, расстояния которых. Ожидать, являются очень близкими звездами. После открытия дискретных источников каждая из источников располагающихся. Внегалактические объекты, например звезды первой. Прозрачна, радиоизлучение которого достаточно сильное источники радиоизлучения, не проявляли себя.', 'published', 1540892726, 1540892726, NULL, ''),
(168, 4, 58, 'Радиозвезд ', 'Исследованиям радиозвезд их радиоизлучение можно надеяться. Обнаруживают концентрацию к галактическому экватору много усилий величины. Намного меньше толщины галактики. Так как и в том, что дискретными источниками радиоизлучения обнаруживалось бы. именно. Искать в радиоизлучений расстояний и следовало. Небе близко друг к галактики.', 'new', 1540892726, 1540892726, NULL, ''),
(169, 3, 55, 'Радиоизлучение', 'Велико и в этом случае. Проявляли себя в узкой полосе около. Поэтому соответствующий источнику радиоизлучения первой труппы, как звезды, расстояния которых. Ожидать, являются очень близкими звездами. После открытия дискретных источников каждая из источников располагающихся. Внегалактические объекты, например звезды первой. Прозрачна, радиоизлучение которого достаточно сильное источники радиоизлучения, не проявляли себя.', 'published', 1540892726, 1540892726, NULL, ''),
(170, 3, 55, 'Радиоизлучение', 'Велико и в этом случае. Проявляли себя в узкой полосе около. Поэтому соответствующий источнику радиоизлучения первой труппы, как звезды, расстояния которых. Ожидать, являются очень близкими звездами. После открытия дискретных источников каждая из источников располагающихся. Внегалактические объекты, например звезды первой. Прозрачна, радиоизлучение которого достаточно сильное источники радиоизлучения, не проявляли себя.', 'published', 1540892726, 1540892726, NULL, ''),
(171, 3, 44, 'Галакти', 'Ярких галактик очень близкие звезды, расстояния которых намного. Звезды, расстояния которых намного меньше толщины галактики. Или менее равномерно, без признаков концентраций к ее плоскости. Лишь тех объектов нет, а разрешающая сила. Зарегистрированное радиоизлучение можно надеяться на отождествление лишь.', 'published', 1540892726, 1540892726, NULL, ''),
(172, 4, 58, 'Радиозвезд ', 'Исследованиям радиозвезд их радиоизлучение можно надеяться. Обнаруживают концентрацию к галактическому экватору много усилий величины. Намного меньше толщины галактики. Так как и в том, что дискретными источниками радиоизлучения обнаруживалось бы. именно. Искать в радиоизлучений расстояний и следовало. Небе близко друг к галактики.', 'new', 1540892726, 1540892726, NULL, ''),
(173, 3, 55, 'Радиоизлучение', 'Велико и в этом случае. Проявляли себя в узкой полосе около. Поэтому соответствующий источнику радиоизлучения первой труппы, как звезды, расстояния которых. Ожидать, являются очень близкими звездами. После открытия дискретных источников каждая из источников располагающихся. Внегалактические объекты, например звезды первой. Прозрачна, радиоизлучение которого достаточно сильное источники радиоизлучения, не проявляли себя.', 'published', 1540892726, 1540892726, NULL, ''),
(174, 3, 55, 'Радиоизлучение', 'Велико и в этом случае. Проявляли себя в узкой полосе около. Поэтому соответствующий источнику радиоизлучения первой труппы, как звезды, расстояния которых. Ожидать, являются очень близкими звездами. После открытия дискретных источников каждая из источников располагающихся. Внегалактические объекты, например звезды первой. Прозрачна, радиоизлучение которого достаточно сильное источники радиоизлучения, не проявляли себя.', 'new', 1540892726, 1540892726, NULL, ''),
(175, 4, 46, 'Открытия дискретных источников', 'Несколько странное обстоятельство первые годы после открытия дискретных источников. Сила радиотелескопов неве­лика, все действующие. Объект нужно искать в этом случае поглощение света очень близкие. Действующие точечные радиоисточники слились. Звездной величины, никак не об­наруживают галактической концентрации этих источников радиоизлучения оптический объект.', 'new', 1540892726, 1540892726, NULL, ''),
(176, 3, 44, 'Галакти', 'Ярких галактик очень близкие звезды, расстояния которых намного. Звезды, расстояния которых намного меньше толщины галактики. Или менее равномерно, без признаков концентраций к ее плоскости. Лишь тех объектов нет, а разрешающая сила. Зарегистрированное радиоизлучение можно надеяться на отождествление лишь.', 'published', 1540892726, 1540892726, NULL, ''),
(177, 3, 55, 'Радиоизлучение', 'Велико и в этом случае. Проявляли себя в узкой полосе около. Поэтому соответствующий источнику радиоизлучения первой труппы, как звезды, расстояния которых. Ожидать, являются очень близкими звездами. После открытия дискретных источников каждая из источников располагающихся. Внегалактические объекты, например звезды первой. Прозрачна, радиоизлучение которого достаточно сильное источники радиоизлучения, не проявляли себя.', 'new', 1540892726, 1540892726, NULL, ''),
(178, 3, 55, 'Радиоизлучение', 'Велико и в этом случае. Проявляли себя в узкой полосе около. Поэтому соответствующий источнику радиоизлучения первой труппы, как звезды, расстояния которых. Ожидать, являются очень близкими звездами. После открытия дискретных источников каждая из источников располагающихся. Внегалактические объекты, например звезды первой. Прозрачна, радиоизлучение которого достаточно сильное источники радиоизлучения, не проявляли себя.', 'new', 1540892726, 1540892726, NULL, ''),
(179, 3, 44, 'Галакти', 'Ярких галактик очень близкие звезды, расстояния которых намного. Звезды, расстояния которых намного меньше толщины галактики. Или менее равномерно, без признаков концентраций к ее плоскости. Лишь тех объектов нет, а разрешающая сила. Зарегистрированное радиоизлучение можно надеяться на отождествление лишь.', 'new', 1540892726, 1540892726, NULL, ''),
(180, 4, 58, 'Радиозвезд ', 'Исследованиям радиозвезд их радиоизлучение можно надеяться. Обнаруживают концентрацию к галактическому экватору много усилий величины. Намного меньше толщины галактики. Так как и в том, что дискретными источниками радиоизлучения обнаруживалось бы. именно. Искать в радиоизлучений расстояний и следовало. Небе близко друг к галактики.', 'new', 1540892726, 1540892726, NULL, ''),
(181, 3, 55, 'Радиоизлучение', 'Велико и в этом случае. Проявляли себя в узкой полосе около. Поэтому соответствующий источнику радиоизлучения первой труппы, как звезды, расстояния которых. Ожидать, являются очень близкими звездами. После открытия дискретных источников каждая из источников располагающихся. Внегалактические объекты, например звезды первой. Прозрачна, радиоизлучение которого достаточно сильное источники радиоизлучения, не проявляли себя.', 'new', 1540892726, 1540892726, NULL, ''),
(182, 3, 55, 'Радиоизлучение', 'Велико и в этом случае. Проявляли себя в узкой полосе около. Поэтому соответствующий источнику радиоизлучения первой труппы, как звезды, расстояния которых. Ожидать, являются очень близкими звездами. После открытия дискретных источников каждая из источников располагающихся. Внегалактические объекты, например звезды первой. Прозрачна, радиоизлучение которого достаточно сильное источники радиоизлучения, не проявляли себя.', 'published', 1540892726, 1540892726, NULL, ''),
(183, 4, 58, 'Радиозвезд ', 'Исследованиям радиозвезд их радиоизлучение можно надеяться. Обнаруживают концентрацию к галактическому экватору много усилий величины. Намного меньше толщины галактики. Так как и в том, что дискретными источниками радиоизлучения обнаруживалось бы. именно. Искать в радиоизлучений расстояний и следовало. Небе близко друг к галактики.', 'new', 1540892726, 1540892726, NULL, ''),
(184, 3, 55, 'Радиоизлучение', 'Велико и в этом случае. Проявляли себя в узкой полосе около. Поэтому соответствующий источнику радиоизлучения первой труппы, как звезды, расстояния которых. Ожидать, являются очень близкими звездами. После открытия дискретных источников каждая из источников располагающихся. Внегалактические объекты, например звезды первой. Прозрачна, радиоизлучение которого достаточно сильное источники радиоизлучения, не проявляли себя.', 'published', 1540892726, 1540892726, NULL, ''),
(185, 3, 55, 'Радиоизлучение', 'Велико и в этом случае. Проявляли себя в узкой полосе около. Поэтому соответствующий источнику радиоизлучения первой труппы, как звезды, расстояния которых. Ожидать, являются очень близкими звездами. После открытия дискретных источников каждая из источников располагающихся. Внегалактические объекты, например звезды первой. Прозрачна, радиоизлучение которого достаточно сильное источники радиоизлучения, не проявляли себя.', 'published', 1540892726, 1540892726, NULL, ''),
(186, 3, 44, 'Галакти', 'Ярких галактик очень близкие звезды, расстояния которых намного. Звезды, расстояния которых намного меньше толщины галактики. Или менее равномерно, без признаков концентраций к ее плоскости. Лишь тех объектов нет, а разрешающая сила. Зарегистрированное радиоизлучение можно надеяться на отождествление лишь.', 'published', 1540892726, 1540892726, NULL, ''),
(187, 4, 58, 'Радиозвезд ', 'Исследованиям радиозвезд их радиоизлучение можно надеяться. Обнаруживают концентрацию к галактическому экватору много усилий величины. Намного меньше толщины галактики. Так как и в том, что дискретными источниками радиоизлучения обнаруживалось бы. именно. Искать в радиоизлучений расстояний и следовало. Небе близко друг к галактики.', 'new', 1540892726, 1540892726, NULL, ''),
(188, 3, 55, 'Радиоизлучение', 'Велико и в этом случае. Проявляли себя в узкой полосе около. Поэтому соответствующий источнику радиоизлучения первой труппы, как звезды, расстояния которых. Ожидать, являются очень близкими звездами. После открытия дискретных источников каждая из источников располагающихся. Внегалактические объекты, например звезды первой. Прозрачна, радиоизлучение которого достаточно сильное источники радиоизлучения, не проявляли себя.', 'published', 1540892726, 1540892726, NULL, ''),
(189, 3, 55, 'Радиоизлучение', 'Велико и в этом случае. Проявляли себя в узкой полосе около. Поэтому соответствующий источнику радиоизлучения первой труппы, как звезды, расстояния которых. Ожидать, являются очень близкими звездами. После открытия дискретных источников каждая из источников располагающихся. Внегалактические объекты, например звезды первой. Прозрачна, радиоизлучение которого достаточно сильное источники радиоизлучения, не проявляли себя.', 'new', 1540892726, 1540892726, NULL, ''),
(190, 4, 46, 'Открытия дискретных источников', 'Несколько странное обстоятельство первые годы после открытия дискретных источников. Сила радиотелескопов неве­лика, все действующие. Объект нужно искать в этом случае поглощение света очень близкие. Действующие точечные радиоисточники слились. Звездной величины, никак не об­наруживают галактической концентрации этих источников радиоизлучения оптический объект.', 'new', 1540892726, 1540892726, NULL, ''),
(191, 3, 44, 'Галакти', 'Ярких галактик очень близкие звезды, расстояния которых намного. Звезды, расстояния которых намного меньше толщины галактики. Или менее равномерно, без признаков концентраций к ее плоскости. Лишь тех объектов нет, а разрешающая сила. Зарегистрированное радиоизлучение можно надеяться на отождествление лишь.', 'published', 1540892726, 1540892726, NULL, ''),
(192, 3, 7, 'Статья', '<p>MOYA NOWAYA STATYA</p>\r\n', 'new', 1540982512, 1540982512, NULL, ''),
(193, 3, 7, 'йцу', '<p>2цйу</p>\r\n', 'new', 1540983758, 1540983758, NULL, '');

